[
    {
        "tel": "1577-0050",
        "address": "서울특별시 서초구 방배3동 479-5"
    },
    {
        "tel": "1899-2225",
        "address": "서울특별시 송파구 송파1동 백제고분로 407"
    },
    {
        "tel": "1899-2226",
        "address": "서울특별시 도봉구 도봉로 446"
    },
    {
        "tel": "1899-2228",
        "address": "서울특별시 강서구 강서로56길"
    },
    {
        "tel": "02-2224-2114",
        "address": "서울특별시 강동구 성안로 150"
    },
    {
        "tel": "1577-5800",
        "address": "서울특별시 강동구 동남로 892"
    },
    {
        "tel": "15881533",
        "address": "서울특별시 광진구 능동로 120-1"
    },
    {
        "tel": "15770083",
        "address": "서울특별시 성북구 고려대로 73"
    },
    {
        "tel": "15779966",
        "address": "서울특별시 구로구 구로동로 148"
    },
    {
        "tel": "15777516",
        "address": "경기도 안산시 단원구 적금로 123"
    },
    {
        "tel": "16008291",
        "address": "인천광역시 서구 연희동 심곡로100번길 25"
    },
    {
        "tel": "0319200114",
        "address": "경기도 고양시 일산동구 일산로 323"
    },
    {
        "tel": "0226807114",
        "address": "경기도 광명시 디지털로 36"
    },
    {
        "tel": "0226105800",
        "address": "경기도 광명시 광명로 963 KR"
    },
    {
        "tel": "0319991000",
        "address": "경기도 김포시 감암로 11"
    },
    {
        "tel": "0326670114",
        "address": "경기도 부천시 소사구 송내2동 676-6"
    },
    {
        "tel": "029588114",
        "address": "서울특별시 동대문구 경희대로 23"
    },
    {
        "tel": "1577-2299",
        "address": "인천광역시 남동구 구월동 남동대로 783"
    },
    {
        "tel": "16707575",
        "address": "경기도 안양시 만안구 안양로223번길 5"
    },
    {
        "tel": "15881511",
        "address": "서울특별시 서초구 반포대로 222"
    },
    {
        "tel": "16617575",
        "address": "서울특별시 영등포구 63로 10"
    },
    {
        "tel": "16617500",
        "address": "경기도 의정부시 천보로 271"
    },
    {
        "tel": "15449004",
        "address": "인천광역시 부평구 동수로 56"
    },
    {
        "tel": "18117755",
        "address": "서울특별시 은평구 통일로 1021"
    },
    {
        "tel": "15770675",
        "address": "경기도 부천시 소사동 소사로 327"
    },
    {
        "tel": "0317637582",
        "address": "경기도 광주시 경안동 경안로 40"
    },
    {
        "tel": "18992221",
        "address": "서울특별시 양천구 신목로 120"
    },
    {
        "tel": "0318105114",
        "address": "경기도 고양시 덕양구 화수로14번길 55"
    },
    {
        "tel": "0313467601",
        "address": "경기도 안양시 만안구 안양동 548-4"
    },
    {
        "tel": "0312389121",
        "address": "경기도 수원시 팔달구 인계동 1019-3"
    },
    {
        "tel": "0231565000",
        "address": "서울특별시 은평구 은평로 133"
    },
    {
        "tel": "18992552",
        "address": "인천광역시 부평구 장제로 78"
    },
    {
        "tel": "15996677",
        "address": "경기도 부천시 호현로489번길 28"
    },
    {
        "tel": "028788875",
        "address": "서울특별시 관악구 서원동 신원로 35 삼모더프라임 3층 7층"
    },
    {
        "tel": "16887575",
        "address": "서울특별시 송파구 올림픽로43길 88"
    },
    {
        "tel": "15885700",
        "address": "서울특별시 종로구 대학로 101"
    },
    {
        "tel": "15993114",
        "address": "서울특별시 강남구 일원로 81"
    },
    {
        "tel": "03118117000",
        "address": "경기도 시흥시 군자천로 381 KR 시화병원"
    },
    {
        "tel": "16886114",
        "address": "경기도 수원시 영통구 원천동 월드컵로 164"
    },
    {
        "tel": "0319107114",
        "address": "경기도 고양시 일산서구 주화로 170"
    },
    {
        "tel": "0319099600",
        "address": "경기도 고양시 백석2동 중앙로 1059"
    },
    {
        "tel": "15776660",
        "address": "경기도 안산시 단원구 고잔1동 보화로 50"
    },
    {
        "tel": "0313902300",
        "address": "경기도 군포시 산본로 321"
    },
    {
        "tel": "15995420",
        "address": "경기도 부천시 심곡동 장말로 376 KR"
    },
    {
        "tel": "18990001",
        "address": "경기도 의정부시 동일로 712"
    },
    {
        "tel": "0226505114",
        "address": "서울특별시 양천구 안양천로 1071"
    },
    {
        "tel": "0313318888",
        "address": "경기도 용인시 기흥구 중동 동백죽전대로 363"
    },
    {
        "tel": "1599-1004",
        "address": "서울특별시 서대문구 신촌동 연세로 50-1"
    },
    {
        "tel": "025138000",
        "address": "서울특별시 강남구 청담동 47-4"
    },
    {
        "tel": "0313893000",
        "address": "경기도 군포시 군포로 591 KR"
    },
    {
        "tel": "0215883797",
        "address": "서울특별시 은평구 녹번동 서오릉로 45"
    },
    {
        "tel": "16009955",
        "address": "경기도 광주시 광주대로 45"
    },
    {
        "tel": "0266766000",
        "address": "서울특별시 관악구 신림동 1432-86"
    },
    {
        "tel": "16449118",
        "address": "경기도 구리시 경춘로 153"
    },
    {
        "tel": "0226395114",
        "address": "서울특별시 영등포구 버드나루로7길 12"
    },
    {
        "tel": "028295114",
        "address": "서울특별시 영등포구 신길로 1"
    },
    {
        "tel": "0313801500",
        "address": "경기도 안양시 동안구 관평로170번길 22 KR"
    },
    {
        "tel": "15222500",
        "address": "경기도 화성시 큰재봉길 7"
    },
    {
        "tel": "0220499000",
        "address": "서울특별시 광진구 자양로 85"
    },
    {
        "tel": "028040002",
        "address": "서울특별시 금천구 시흥1동 882-31"
    }
]