[
    {
      "tel": "02-6918-2069",
      "address": "경기도 군포시 산본로48번길 8 (당정동) 3층"
    },
    {
        "lat": "37.5637733",
        "long": "127.191726",
        "tel": "031-794-3768",
        "address": "경기도 하남시 미사강변동로 95. 힐스테이트 미사역 그랑파샤쥬 2층 준오헤어 옆 (5호선 미사역 1번출구)"
    },
    {
        "lat": "37.3699173",
        "long": "126.730055",
        "tel": "031)362-5820",
        "address": "경기도 시흥시 배곧3로 96. M-플러스빌딩 2층 (시흥배곧 메가박스 건물)"
    },
    {
        "lat": "37.4013665",
        "long": "126.723911",
        "tel": "032-710-7850",
        "address": "인천광역시 남동구 청능대로 583(논현동), 중앙프라자 3층 (수인분당선 인천논현역 4번출구)"
    },
    {
        "lat": "37.6336317",
        "long": "126.832092",
        "tel": "031-926-3040",
        "address": "경기도 고양시 덕양구 화신로 272번길 58, 영프라자 5층 (3호선 화정역 2번 출구)"
    },
    {
        "tel": "02)337-0521",
        "address": "서울시 마포구 양화로 176, Y'Z Park 5층 (2호선 홍대입구역 8번출구)"
    },
    {
        "tel": "02)969-0522",
        "address": "서울시 동대문구 왕산로 205, 동광빌딩 4층 (1호선 청량리역 2번출구)"
    },
    {
        "tel": "031)633-0523",
        "address": "경기도 이천시 중리천로 58. 랜드마크 2층(이천 CGV 건물)"
    },
    {
        "tel": "031-852-2415",
        "address": "경기도 의정부시 오목로 205번길 55. 민락메가타워 3층"
    },
    {
        "tel": "031-548-2416",
        "address": "경기도 수원시 영통구 청명남로 21. 아셈프라자 2층(분당선 영통역 1번 출구)"
    },
    {
        "tel": "032-710-2416",
        "address": "경기도 부천시 경인로 511, 유림빌딩 3층 (1호선 역곡역 1번출구)"
    },
    {
        "tel": "031)480-0521",
        "address": "경기도 안산시 단원구 고잔2길 59, 신세기빌딩 2층 (4호선 중앙역 1번 출구)"
    },
    {
        "tel": "031)754-0529",
        "address": "경기도 성남시 수정구 산성대로 249, 서라벌빌딩 5층 (8호선 신흥역 지하상가 4번 출구)"
    },
    {
        "tel": "02-883-0522",
        "address": "서울시 관악구 신림로 321, 동진빌딩 4층 (2호선 신림역 3번출구)"
    },
    {
        "tel": "031)243-0522",
        "address": "수원시 팔달구 향교로 1(투썸플레이스 건물). 3층 (1호선 수원역 지하철 7번출구 , 지하상가 11번출구)"
    },
    {
        "tel": "032-715-7415",
        "address": "경기도 부천시 소사구 송내대로 39, 송내코아 4층 (1호선 송내역 1번출구)"
    },
    {
        "tel": "02-827-0522",
        "address": "서울시 강북구 도봉로 45, 3층 (4호선 미아사거리역 5번 출구)"
    },
    {
        "tel": "031-698-2415",
        "address": "경기도 성남시 분당구 돌마로 73, 우방코아 3층 (분당선 미금역 2번출구)"
    },
    {
        "tel": "02-6949-5309",
        "address": "서울특별시 은평구 진관 2로 15-46 메트로프라자 2층 (3호선 구파발역 1번 출구)"
    },
    {
        "tel": "031-764-0522",
        "address": "경기도 광주시 중앙로 95-11. 성환빌딩 B동 4층"
    }
]