[
    {
        "tel": "033-811-0000",
        "address": "강원도 원주시 혁신로50(반곡동)"
    },
    {
        "tel": "043-879-1234",
        "address": "충청북도 음성군 감곡면 대학길232번길 16 (단평리 171-1)"
    },
    {
        "tel": "02-6711-0114",
        "address": "서울특별시 강서구 공항대로 591 (염창동 280-17)"
    },
    {
        "tel": "02-570-0600",
        "address": "서울특별시 강남구 개포로31길 48 (개포동 1267)"
    },
    {
        "tel": "02-3210-0331",
        "address": "서울특별시 노원구 동일로 1329 (상계6동 764)"
    },
    {
        "tel": "051-810-9000",
        "address": "부산광역시 부산진구 전포대로 168 (전포3동 362-5)"
    },
    {
        "tel": "053-605-5600",
        "address": "대구광역시 중구 태평로 7 (달성동 147-2)"
    },
    {
        "tel": "032-815-0631~4",
        "address": "인천광역시 연수구 함박뫼로 220 (연수3동 581)"
    },
    {
        "tel": "052-245-2982",
        "address": "울산광역시 중구 함월10길 25 (성안동 872-5)"
    },
    {
        "tel": "031-220-8500~7",
        "address": "경기도 수원시 영통구 월드컵로82번길 20 (원천동 587-1)"
    },
    {
        "tel": "033-269-1000",
        "address": "강원도 춘천시 퇴계공단1길 8 (퇴계동 862-3)"
    },
    {
        "tel": "043-253-2654~5",
        "address": "충청북도 청주시 흥덕구 가로수로 1000 (휴암동 318-14)"
    },
    {
        "tel": "063-270-5800",
        "address": "전라북도 전주시 덕진구 혁신로 463 (장동 603-5)"
    },
    {
        "tel": "062-600-0600",
        "address": "광주광역시 남구 서문대로 406 (송하동 127-4)"
    },
    {
        "tel": "055-262-5161~4",
        "address": "경상남도 창원시 의창구 용지로 226 (용호동 4-4)"
    },
    {
        "tel": "064-720-7800",
        "address": "제주특별자치도 제주시 오남로 45 (도남동 567-3)"
    },
    {
        "tel": "02-2657-0000",
        "address": "서울특별시 강서구 공항대로69길 18 (염창동 280-21)"
    },
    {
        "tel": "042-639-9456~60",
        "address": "대전광역시 대덕구 송촌남로 22"
    },
    {
        "tel": "051-331-8300",
        "address": "부산광역시 부산진구 전포대로 168 (전포3동 362-6)"
    }
]